name,start_depot,end_depot,capacity,autonomy,use_cost,cost_per_distance
robot_1,depot_3,depot_3,6,11276.020935777902,10,1
robot_2,depot_3,depot_3,6,11276.020935777902,10,1
robot_3,depot_0,depot_0,6,11276.020935777902,10,1
robot_4,depot_0,depot_0,6,11276.020935777902,10,1
robot_5,depot_3,depot_3,6,11276.020935777902,10,1
robot_6,depot_2,depot_2,6,11276.020935777902,10,1
extra_robot_1,depot_0,depot_0,6,11276.020935777902,10000,1
